namaSubkategori,kategori
Isolator,5f4883761356aaf1eda89929
Shrink Tube-Selang Bakar,5f4883761356aaf1eda89929
Heatsink,5f4883761356aaf1eda89929
Bracket,5f4883761356aaf1eda89929
SolderWick,5f4883761356aaf1eda89929
Blank CD/DVD,5f4883761356aaf1eda89929
Wifi Antenna,5f4883761356aaf1eda8990b
GSM Antenna,5f4883761356aaf1eda8990b
GPS Antenna,5f4883761356aaf1eda8990b
Box Plastic,5f4883761356aaf1eda8990d
Box Aluminium,5f4883761356aaf1eda8990d
5V Continous Buzzer,5f4883761356aaf1eda8990e
12V Continous Buzzer,5f4883761356aaf1eda8990e
Power Cable,5f4883761356aaf1eda89910
Mono Cable,5f4883761356aaf1eda89910
Flat Cable,5f4883761356aaf1eda89910
Rainbow Cable,5f4883761356aaf1eda89910
USB Cable,5f4883761356aaf1eda89910
Serial Cable,5f4883761356aaf1eda89910
AWG Cable,5f4883761356aaf1eda89910
Network Cable,5f4883761356aaf1eda89910
Jumper Cable,5f4883761356aaf1eda89910
Audio Cable,5f4883761356aaf1eda89910
Electrical Cable,5f4883761356aaf1eda89910
Ceramic Capacitor,5f4883761356aaf1eda8990f
SMD0603 Capacitor,5f4883761356aaf1eda8990f
SMD0805 Capacitor,5f4883761356aaf1eda8990f
SMD1206 Capacitor,5f4883761356aaf1eda8990f
Mylar Capacitor 100V,5f4883761356aaf1eda8990f
Mylar Capacitor 400V,5f4883761356aaf1eda8990f
Solid Capacitor,5f4883761356aaf1eda8990f
Electrolytic Capacitor,5f4883761356aaf1eda8990f
SMD Electrolytic Capacitor,5f4883761356aaf1eda8990f
SMD Tantalum Capacitor,5f4883761356aaf1eda8990f
MKM Capacitor,5f4883761356aaf1eda8990f
MKP X2 Capacitor,5f4883761356aaf1eda8990f
Multilayer/Monolithic Cap,5f4883761356aaf1eda8990f
Tantalum Capacitor,5f4883761356aaf1eda8990f
High Voltage Elco,5f4883761356aaf1eda8990f
Battery Holder,5f4883761356aaf1eda8990c
Black Housing,5f4883761356aaf1eda8990c
BNC Connector,5f4883761356aaf1eda8990c
DB Connector,5f4883761356aaf1eda8990c
Power Connector,5f4883761356aaf1eda8990c
Female Header,5f4883761356aaf1eda8990c
Male Header,5f4883761356aaf1eda8990c
IDC Connector,5f4883761356aaf1eda8990c
Jumper Connector,5f4883761356aaf1eda8990c
Network Connector,5f4883761356aaf1eda8990c
Data Connector,5f4883761356aaf1eda8990c
RF Connector,5f4883761356aaf1eda8990c
Terminal Block,5f4883761356aaf1eda8990c
Terminal Screw,5f4883761356aaf1eda8990c
USB Connector,5f4883761356aaf1eda8990c
White Connector,5f4883761356aaf1eda8990c
Fuse Holder,5f4883761356aaf1eda8990c
Banana Connector,5f4883761356aaf1eda8990c
Audio,5f4883761356aaf1eda8990c
Jepit Buaya,5f4883761356aaf1eda8990c
AC Connector,5f4883761356aaf1eda8990c
SMD Resonator,5f4883761356aaf1eda89923
HC-49S DIP,5f4883761356aaf1eda89923
HC-49S SMD,5f4883761356aaf1eda89923
Arduino,5f4883761356aaf1eda89912
AVR Downloader,5f4883761356aaf1eda89912
AVR Minimum System,5f4883761356aaf1eda89912
ST DevBoard,5f4883761356aaf1eda89912
PIC Programmer,5f4883761356aaf1eda89912
Android,5f4883761356aaf1eda89912
Raspberry,5f4883761356aaf1eda89912
PcDuino,5f4883761356aaf1eda89912
Rectifier Diode,5f4883761356aaf1eda89911
Bridge Diode,5f4883761356aaf1eda89911
SMD Rectifier Diode,5f4883761356aaf1eda89911
SMD Schottky Diode,5f4883761356aaf1eda89911
SMD Bridge Diode,5f4883761356aaf1eda89911
Ultrafast Rectifier,5f4883761356aaf1eda89911
Schottky Diode,5f4883761356aaf1eda89911
SMD Switching Diode,5f4883761356aaf1eda89911
Switching Diode,5f4883761356aaf1eda89911
Zener Diode,5f4883761356aaf1eda89911
SMD Zener Diode,5f4883761356aaf1eda89911
TVS Diode,5f4883761356aaf1eda89911
Dot Matrix,5f4883761356aaf1eda89913
LCD,5f4883761356aaf1eda89913
TFT,5f4883761356aaf1eda89913
3MM LED,5f4883761356aaf1eda89913
5MM LED,5f4883761356aaf1eda89913
10MM LED,5f4883761356aaf1eda89913
P10 Led Display,5f4883761356aaf1eda89913
Seven Segment,5f4883761356aaf1eda89913
Oval led,5f4883761356aaf1eda89913
SMD0603 LED,5f4883761356aaf1eda89913
SMD0805 LED,5f4883761356aaf1eda89913
SMD1206 LED,5f4883761356aaf1eda89913
16 Segment,5f4883761356aaf1eda89913
RGB SMD LED,5f4883761356aaf1eda89913
USB To TTL Module,5f4883761356aaf1eda89916
Bluetooth Module,5f4883761356aaf1eda89916
GPS Module,5f4883761356aaf1eda89916
Gyroscope,5f4883761356aaf1eda89916
RFID Module,5f4883761356aaf1eda89916
Relay Module,5f4883761356aaf1eda89916
Barometric,5f4883761356aaf1eda89916
USB to RS-232,5f4883761356aaf1eda89916
USB To Rs-485,5f4883761356aaf1eda89916
Wireless Module,5f4883761356aaf1eda89916
GPRS/GSM Module,5f4883761356aaf1eda89916
CNC Driver,5f4883761356aaf1eda89916
DC To DC Module,5f4883761356aaf1eda89916
Xbee,5f4883761356aaf1eda89916
Volt and Amperemeter,5f4883761356aaf1eda89916
USB To Parallel,5f4883761356aaf1eda89916
Breadboard Power Supply,5f4883761356aaf1eda89916
MP3/Voice Module,5f4883761356aaf1eda89916
Display Controller,5f4883761356aaf1eda89916
DC Motor Controller,5f4883761356aaf1eda89916
Accelerometer,5f4883761356aaf1eda89916
IR Module,5f4883761356aaf1eda89916
Camera Module,5f4883761356aaf1eda89916
Compass Module,5f4883761356aaf1eda89916
Signal Generator Module,5f4883761356aaf1eda89916
RTC Module,5f4883761356aaf1eda89916
Universal Programmer,5f4883761356aaf1eda89916
Network Module,5f4883761356aaf1eda89916
Data Module,5f4883761356aaf1eda89916
PH Sensor Module,5f4883761356aaf1eda89916
Ultrasonic Module,5f4883761356aaf1eda89916
I/O Expansion,5f4883761356aaf1eda89916
I2C Module,5f4883761356aaf1eda89916
Display Module,5f4883761356aaf1eda89916
Fuse Kaca,5f4883761356aaf1eda89915
DIP Resettable Fuse,5f4883761356aaf1eda89915
SMD Resettable Fuse,5f4883761356aaf1eda89915
0410 Inductor,5f4883761356aaf1eda89919
Power Inductor,5f4883761356aaf1eda89919
SMD0805 Inductor,5f4883761356aaf1eda89919
SMD Power Inductor,5f4883761356aaf1eda89919
ADC-DAC IC,5f4883761356aaf1eda89917
Audio IC,5f4883761356aaf1eda89917
CMOS IC,5f4883761356aaf1eda89917
Comparator IC,5f4883761356aaf1eda89917
Current Source IC,5f4883761356aaf1eda89917
Display Driver IC,5f4883761356aaf1eda89917
Decoder IC,5f4883761356aaf1eda89917
Demultiplexer/Multiplexer,5f4883761356aaf1eda89917
DTMF IC,5f4883761356aaf1eda89917
EEPROM,5f4883761356aaf1eda89917
Waveform Generator,5f4883761356aaf1eda89917
Half Bridge Driver,5f4883761356aaf1eda89917
Half Bridge Driver-SMD,5f4883761356aaf1eda89917
Hall Effect,5f4883761356aaf1eda89917
Instrument Amplifier,5f4883761356aaf1eda89917
LCD Driver,5f4883761356aaf1eda89917
Light To Freq.,5f4883761356aaf1eda89917
Motor Driver IC,5f4883761356aaf1eda89917
Network IC,5f4883761356aaf1eda89917
GRPS/GSM IC,5f4883761356aaf1eda89917
OpAmp IC,5f4883761356aaf1eda89917
Optocoupler,5f4883761356aaf1eda89917
Programmable Osc,5f4883761356aaf1eda89917
Phase Control IC,5f4883761356aaf1eda89917
PWM IC,5f4883761356aaf1eda89917
RTC IC,5f4883761356aaf1eda89917
Serial IC,5f4883761356aaf1eda89917
Timer IC,5f4883761356aaf1eda89917
TOP Series IC,5f4883761356aaf1eda89917
TTL IC,5f4883761356aaf1eda89917
USB To TTL IC,5f4883761356aaf1eda89917
Voltage Converter IC,5f4883761356aaf1eda89917
Volt to Freq Converter IC,5f4883761356aaf1eda89917
Voltage Regulator,5f4883761356aaf1eda89917
Digital Video Recorder,5f4883761356aaf1eda89917
Voice Record,5f4883761356aaf1eda89917
USB Controller,5f4883761356aaf1eda89917
Voltage Translator,5f4883761356aaf1eda89917
Atmel MCS51,5f4883761356aaf1eda8992a
Atmel AVR,5f4883761356aaf1eda8992a
ST Microcontroller,5f4883761356aaf1eda8992a
Microchip,5f4883761356aaf1eda8992a
DC Motor,5f4883761356aaf1eda8991c
Servo Motor,5f4883761356aaf1eda8991c
Stepper Motor,5f4883761356aaf1eda8991c
DIP Oscillator,5f4883761356aaf1eda8992b
SMD Oscillator,5f4883761356aaf1eda8992b
Mata Bor,5f4883761356aaf1eda8991d
Custom PCB,5f4883761356aaf1eda8991d
Jasa Solder,5f4883761356aaf1eda8991d
Double Layer Fiber,5f4883761356aaf1eda8991d
Bahan Kimia,5f4883761356aaf1eda8991d
PCB Paper,5f4883761356aaf1eda8991d
Pasta,5f4883761356aaf1eda8991d
Single Layer Fiber,5f4883761356aaf1eda8991d
Single CEM,5f4883761356aaf1eda8991d
Double Layer CEM,5f4883761356aaf1eda8991d
DryFilm Photoresist,5f4883761356aaf1eda8991d
Prototype,5f4883761356aaf1eda8991d
ProjectBoard,5f4883761356aaf1eda8991d
Timah,5f4883761356aaf1eda8991d
20mm,5f4883761356aaf1eda8992c
27mm,5f4883761356aaf1eda8992c
35mm,5f4883761356aaf1eda8992c
Switching Power Supply,5f4883761356aaf1eda8991e
Solar Cell,5f4883761356aaf1eda8991e
Lithium Battery,5f4883761356aaf1eda8991e
Lipo Battery,5f4883761356aaf1eda8991e
Linear Power Supply,5f4883761356aaf1eda8991e
SPDT,5f4883761356aaf1eda89922
DPDT,5f4883761356aaf1eda89922
SSR,5f4883761356aaf1eda89922
1/8Watt Metal Film,5f4883761356aaf1eda89920
1/2Watt Carbon Film,5f4883761356aaf1eda89920
1/8Watt Carbon Film,5f4883761356aaf1eda89920
1/4Watt Carbon Film,5f4883761356aaf1eda89920
2 Watt Carbon Film,5f4883761356aaf1eda89920
SMD 0603 Resistor,5f4883761356aaf1eda89920
SMD0805 Resistor,5f4883761356aaf1eda89920
SMD1206 Resistor,5f4883761356aaf1eda89920
SMD0603 Array Resistor,5f4883761356aaf1eda89920
1/4 Watt Metal Film,5f4883761356aaf1eda89920
Rpack,5f4883761356aaf1eda89920
5 Watt Power Resistor,5f4883761356aaf1eda89920
10 Watt Power Resistor,5f4883761356aaf1eda89920
20 Watt Power Resistor,5f4883761356aaf1eda89920
Aluminium Power Resistor,5f4883761356aaf1eda89920
Chasis,5f4883761356aaf1eda89921
Wheel-Roda,5f4883761356aaf1eda89921
SCR,5f4883761356aaf1eda8991f
TRIAC,5f4883761356aaf1eda8991f
DIAC,5f4883761356aaf1eda8991f
Thyristor,5f4883761356aaf1eda8991f
Doorlock,5f4883761356aaf1eda8991b
Watervalve,5f4883761356aaf1eda8991b
LDR,5f4883761356aaf1eda8991a
Thermistor,5f4883761356aaf1eda8991a
Atmospheric,5f4883761356aaf1eda8991a
Magnetic/Compass,5f4883761356aaf1eda8991a
Color Sensor,5f4883761356aaf1eda8991a
Current Sensor,5f4883761356aaf1eda8991a
DOF Sensor,5f4883761356aaf1eda8991a
Flame Sensor,5f4883761356aaf1eda8991a
Waterflow Sensor,5f4883761356aaf1eda8991a
Flex Sensor,5f4883761356aaf1eda8991a
Fingerprint Sensor,5f4883761356aaf1eda8991a
IR Sensor,5f4883761356aaf1eda8991a
Gas Sensor,5f4883761356aaf1eda8991a
Alcohol Sensor,5f4883761356aaf1eda8991a
PH Sensor,5f4883761356aaf1eda8991a
Pressure Sensor,5f4883761356aaf1eda8991a
Shock Sensor,5f4883761356aaf1eda8991a
Temperature Sensor,5f4883761356aaf1eda8991a
Ultrasonic Sensor,5f4883761356aaf1eda8991a
Weight Sensor,5f4883761356aaf1eda8991a
PH Module,5f4883761356aaf1eda8991a
Analog,5f4883761356aaf1eda8991a
DIP Socket,5f4883761356aaf1eda89924
PLCC Socket,5f4883761356aaf1eda89924
SO to DIP Socket,5f4883761356aaf1eda89924
TQFP To DIP Socket,5f4883761356aaf1eda89924
ZIF Socket,5f4883761356aaf1eda89924
Spacer Besi,5f4883761356aaf1eda89925
Spacer Plastik,5f4883761356aaf1eda89925
Plastic Spacer,5f4883761356aaf1eda89925
Brass Spacer,5f4883761356aaf1eda89925
Membrane Keypad,5f4883761356aaf1eda89918
Limit Switch,5f4883761356aaf1eda89918
AC Switch,5f4883761356aaf1eda89918
DIP Switch,5f4883761356aaf1eda89918
Tact Switch,5f4883761356aaf1eda89918
Toggle Switch,5f4883761356aaf1eda89918
Push Button,5f4883761356aaf1eda89918
Multimeter,5f4883761356aaf1eda89914
Osciloscope,5f4883761356aaf1eda89914
IR Thermometer,5f4883761356aaf1eda89914
PH Meter,5f4883761356aaf1eda89914
Solder Wick,5f4883761356aaf1eda89914
Drill,5f4883761356aaf1eda89914
Solder,5f4883761356aaf1eda89914
Helping Hand,5f4883761356aaf1eda89914
Toolset,5f4883761356aaf1eda89914
Tang,5f4883761356aaf1eda89914
Pinset,5f4883761356aaf1eda89914
Other,5f4883761356aaf1eda89914
StepDown,5f4883761356aaf1eda89926
General Purpose,5f4883761356aaf1eda89927
JFET Transistor,5f4883761356aaf1eda89927
MOSFET,5f4883761356aaf1eda89927
Power Transistor,5f4883761356aaf1eda89927
RF Transistor,5f4883761356aaf1eda89927
Audio Transistor,5f4883761356aaf1eda89927
3296 Top Adjust,5f4883761356aaf1eda89928
3296 Side Adjust,5f4883761356aaf1eda89928
3303 SMD Trimpot,5f4883761356aaf1eda89928
3386 Side Adjust,5f4883761356aaf1eda89928
3386 Top Adjust,5f4883761356aaf1eda89928
Linear Potensiometer,5f4883761356aaf1eda89928
Plastic Trimpot,5f4883761356aaf1eda89928
Potensiometer Geser,5f4883761356aaf1eda89928
Logarithmic Mono Potensiometer,5f4883761356aaf1eda89928
ET3006 Side Adjust,5f4883761356aaf1eda89928
ET3314 SMD Trimpot,5f4883761356aaf1eda89928
DIP Varistor,5f4883761356aaf1eda8992d
SMD Varistor,5f4883761356aaf1eda8992d
Skun,5f4883761356aaf1eda8990c
Konektor Nilon,5f4883761356aaf1eda8990c
Rotary Encoder,5f4883761356aaf1eda8991a
Kit Arduino,5f4883761356aaf1eda8991a
Sensor Paket,5f4883761356aaf1eda8991a
Active Buzzer,5f4883761356aaf1eda8990e
Passive Buzzer,5f4883761356aaf1eda8990e
MCS51 Minimum System,5f4883761356aaf1eda89912
Speaker,5f4883761356aaf1eda89916
Sensor Module,5f4883761356aaf1eda89916
Power Supply ,5f4883761356aaf1eda89916
Radio Module,5f4883761356aaf1eda89916
Keypad Detector,5f4883761356aaf1eda89917
Score Board,5f4883761356aaf1eda8992e
Led Strip,5f4883761356aaf1eda89913
Serial ( TTL UART ) To RS485,5f4883761356aaf1eda89916
WAter Sensor,5f4883761356aaf1eda8991a
Case Acrylic Transparant Arduino Uno R3,5f4883761356aaf1eda89929
Aksesoris Kabel ,5f4883761356aaf1eda89910
dd,5f4883761356aaf1eda8990b
cc,5f4883761356aaf1eda8990e
